epoch,train_pixel_mse,train_kl_per_image,train_scaled_total,val_pixel_mse,val_kl_per_image,val_scaled_total
1,0.02086332466867235,54.535182602493855,0.025301409190359676,0.011955832507875231,58.64484210205078,0.01672836197581556
2,0.012621784101297827,56.43906371957284,0.01721480686493494,0.010303109341197544,56.36008298746745,0.0148897046364016
3,0.01150850052892426,56.590170968514904,0.016113820431960954,0.009683457083172269,53.00289555867513,0.013996843766007159
4,0.011052459159015137,56.85371804922598,0.015679226578385743,0.00876444661617279,58.12286564127604,0.013494497530990177
5,0.010662617637787336,56.97045824517144,0.015298885398624855,0.008696540196736654,56.8690397644043,0.013324554500480493
6,0.0104420379002889,57.07256057852286,0.015086614770285877,0.008417320450146993,58.42605253092448,0.013172044777207905
7,0.010317423365734242,57.126927945737485,0.01496642466340168,0.008174233516057332,58.49671832275391,0.012934708639979363
8,0.010133116282062767,57.13136467827691,0.014782478641948583,0.008701561941040888,57.526832712809245,0.013383107571966119
9,0.01000993546144462,57.12589138341833,0.014658852403454575,0.007960102823045519,58.08457696533203,0.012687037797437774
10,0.009938518547717436,57.11739020001447,0.014586743661650905,0.00830131521489885,58.28821736653646,0.013044822487566205
