set,split,is
real,0,5.814088760747101
real,1,5.752076416671474
real,2,5.7586366032338
real,3,5.788286226268294
real,4,5.723627799132512
real,5,5.780785980994425
real,6,5.7406618722128
real,7,5.781385614603379
real,8,5.782204589830697
real,9,5.798136650496411
C1,0,1.0362382720932808
C1,1,1.0342492432094474
C1,2,1.035637862185289
C1,3,1.0360310625168756
C1,4,1.0330707102918963
C1,5,1.0355639303000952
C1,6,1.0339498448409388
C1,7,1.035023444878015
C1,8,1.0339404501962148
C1,9,1.0332854062363788
C3,0,1.0006455076877905
C3,1,1.0006372802807453
C3,2,1.000575919410281
C3,3,1.0006477749631566
C3,4,1.0006463745209617
C3,5,1.000633395576046
C3,6,1.000649553977678
C3,7,1.000612449427814
C3,8,1.0006064806874664
C3,9,1.000661539770356
D1,0,4.541982199165262
D1,1,4.621661249294014
D1,2,4.592681747226854
D1,3,4.315483722519726
D1,4,4.477974125910246
D1,5,4.576602633368842
D1,6,4.430729643249374
D1,7,4.293856569741419
D1,8,4.406077500623018
D1,9,4.515068475621931
D2,0,4.611167357622492
D2,1,4.716611408687446
D2,2,4.454988294918945
D2,3,4.635466321470817
D2,4,4.527287138820044
D2,5,4.5663345323966835
D2,6,4.732406440710316
D2,7,4.581459960044833
D2,8,4.609159890322676
D2,9,4.75467113516692
