step,loss,gradient_norm
0,0.10547149181365967,0.13953296840190887
1,0.0911606028676033,0.11144167929887772
2,0.07874146103858948,0.07765713334083557
3,0.07305698096752167,0.07157982140779495
4,0.06757993996143341,0.07186180353164673
5,0.06142390891909599,0.07478620857000351
6,0.05649399012327194,0.07710270583629608
7,0.05183234438300133,0.07470544427633286
8,0.04714902862906456,0.07018028944730759
9,0.04310818016529083,0.06608320772647858
10,0.03944632411003113,0.0622209832072258
11,0.035933542996644974,0.05789510905742645
12,0.03294719010591507,0.05325096845626831
13,0.03051863983273506,0.04849480465054512
14,0.02827947400510311,0.04366470128297806
15,0.026119396090507507,0.0389631949365139
16,0.024220122024416924,0.034706391394138336
17,0.02271977998316288,0.031160999089479446
18,0.021478042006492615,0.02806973084807396
19,0.020358996465802193,0.02508462592959404
20,0.019352996721863747,0.022368822246789932
21,0.018422413617372513,0.019947120919823647
22,0.01755439303815365,0.01785658672451973
23,0.016765648499131203,0.016062013804912567
24,0.016069455072283745,0.014571749605238438
25,0.01543766725808382,0.01339142769575119
26,0.014830758795142174,0.01229765173047781
27,0.014258126728236675,0.01150164008140564
28,0.013695647940039635,0.010642225854098797
29,0.013183081522583961,0.009942072443664074
30,0.012733181938529015,0.009476748295128345
31,0.012306902557611465,0.009114502929151058
32,0.011884983628988266,0.008598721586167812
33,0.011501718312501907,0.008371477946639061
34,0.011140689253807068,0.008217252790927887
35,0.010781935416162014,0.00792271364480257
36,0.01044504065066576,0.007781591732054949
37,0.010121268220245838,0.0075445096008479595
38,0.009800652973353863,0.007326542865484953
39,0.00948332715779543,0.0070104352198541164
40,0.009190159849822521,0.007000206038355827
41,0.00889688078314066,0.006897311192005873
42,0.008612607605755329,0.006642395164817572
43,0.008356465958058834,0.0067359087988734245
44,0.00809603650122881,0.0066189891658723354
45,0.00783696211874485,0.0062981522642076015
46,0.007600388024002314,0.006130231078714132
47,0.0073723746463656425,0.005905024241656065
48,0.0071512083522975445,0.005709880031645298
49,0.006945150904357433,0.005640052258968353
50,0.006741659715771675,0.005519886035472155
51,0.006539252121001482,0.0053619807586073875
52,0.0063485498540103436,0.005242764484137297
53,0.006165592465549707,0.005032320506870747
54,0.005992159713059664,0.00482157152146101
55,0.005833813920617104,0.0046600946225225925
56,0.005683251656591892,0.004460880067199469
57,0.005536082200706005,0.004308493807911873
58,0.005392997059971094,0.004167614039033651
59,0.005258659366518259,0.004089684225618839
60,0.005128865595906973,0.00398261146619916
61,0.005002001766115427,0.0038258456625044346
62,0.004882666748017073,0.0037539058830589056
63,0.004767561797052622,0.003635057248175144
64,0.004657688084989786,0.003585265949368477
65,0.004550328478217125,0.003542534075677395
66,0.004445502534508705,0.0034243108239024878
67,0.004346003755927086,0.0033588670194149017
68,0.004249469377100468,0.0032781234476715326
69,0.004156160168349743,0.003204227890819311
70,0.004064703825861216,0.0031514002475887537
71,0.003975361585617065,0.0030999083537608385
72,0.0038903222884982824,0.003072817577049136
73,0.003808443434536457,0.0030343306716531515
74,0.0037300551775842905,0.0029983296990394592
75,0.003654323285445571,0.0029218902345746756
76,0.0035815169103443623,0.002852504374459386
77,0.003511281916871667,0.0027863404247909784
78,0.0034437330905348063,0.002751740161329508
79,0.0033779761288315058,0.002708780812099576
80,0.0033139882143586874,0.002661732956767082
81,0.0032522983383387327,0.002628291491419077
82,0.003192212898284197,0.002589378273114562
83,0.0031340457499027252,0.0025400950107723475
84,0.0030776946805417538,0.0024879355914890766
85,0.0030230300035327673,0.002446343656629324
86,0.0029699180740863085,0.002400411758571863
87,0.0029186478350311518,0.002364987973123789
88,0.0028687797021120787,0.002320394152775407
89,0.0028202058747410774,0.0022769139613956213
90,0.0027727356646209955,0.0022330735810101032
91,0.0027266840916126966,0.0021977596916258335
92,0.002681903075426817,0.0021625955123454332
93,0.002638363977894187,0.0021248275879770517
94,0.0025959631893783808,0.0020895167253911495
95,0.002554803155362606,0.0020693077240139246
96,0.0025147211272269487,0.0020321239717304707
97,0.002475680783390999,0.0020048567093908787
98,0.002437584800645709,0.001975668128579855
99,0.002400459721684456,0.0019539203494787216
