step,loss
0,1.784326195716858
1,1.6906921863555908
2,1.6170721054077148
3,1.562203049659729
4,1.4896392822265625
5,1.40365469455719
6,1.308455467224121
7,1.1867799758911133
8,1.0593205690383911
9,0.9280150532722473
10,0.787766695022583
11,0.6436160206794739
12,0.5007699131965637
13,0.37113410234451294
14,0.2639675736427307
15,0.17767885327339172
16,0.11307764053344727
17,0.06957991421222687
18,0.041363976895809174
19,0.024010762572288513
20,0.013955503702163696
21,0.008307630196213722
22,0.005089370999485254
23,0.003196865785866976
24,0.002053450094535947
25,0.0013448131503537297
26,0.0008980815182439983
27,0.0006116736913099885
28,0.0004248057375662029
29,0.00030096262344159186
30,0.000217469030758366
31,0.0001603979617357254
32,0.00012066306953784078
33,9.247520210919902e-05
34,7.217672828119248e-05
35,5.73249053559266e-05
36,4.6287117584142834e-05
37,3.7990754208294675e-05
38,3.1673040211899206e-05
39,2.6726105716079473e-05
40,2.285197115270421e-05
41,1.9800325389951468e-05
42,1.738045466481708e-05
43,1.5389716281788424e-05
44,1.374466773995664e-05
45,1.242147664015647e-05
46,1.1324773367960006e-05
47,1.0347275747335516e-05
48,9.620111086405814e-06
49,8.928708666644525e-06
50,8.36843355500605e-06
51,7.855839612602722e-06
52,7.426692263834411e-06
53,7.116752385627478e-06
54,6.7710489020100795e-06
55,6.484950517915422e-06
56,6.234613920241827e-06
57,6.031960310792783e-06
58,5.805464752484113e-06
59,5.6862563724280335e-06
60,5.507444257091265e-06
61,5.352473635866772e-06
62,5.269027951726457e-06
63,5.161740318726515e-06
64,5.042531938670436e-06
65,4.947165507473983e-06
66,4.899482064502081e-06
67,4.816036380361766e-06
68,4.780274139193352e-06
69,4.684907707996899e-06
70,4.637224265024997e-06
71,4.601461569109233e-06
72,4.541857379081193e-06
73,4.518015884968918e-06
74,4.482253189053154e-06
75,4.44649094788474e-06
76,4.4345702008286025e-06
77,4.410728251968976e-06
78,4.410728251968976e-06
79,4.3868867578567006e-06
80,4.363045263744425e-06
81,4.315361820772523e-06
82,4.303440618969034e-06
83,4.303440618969034e-06
84,4.2438368836883456e-06
85,4.231916136632208e-06
86,4.208074187772581e-06
87,4.196152985969093e-06
88,4.184232693660306e-06
89,4.184232693660306e-06
90,4.160390744800679e-06
91,4.160390744800679e-06
92,4.136548795941053e-06
93,4.136548795941053e-06
94,4.124628048884915e-06
95,4.112707301828777e-06
96,4.112707301828777e-06
97,4.112707301828777e-06
98,4.10078655477264e-06
99,4.088865352969151e-06
