step,d_loss,g_loss,g_full_grad_norm
0,1.3928792476654053,0.6802614331245422,0.7453663349151611
1,1.3251465559005737,0.6714795827865601,0.7822356820106506
2,1.241396427154541,0.6647162437438965,0.8212698698043823
3,1.1664092540740967,0.6838323473930359,0.9987247586250305
4,1.0929490327835083,0.7093150615692139,1.142920732498169
5,1.0309938192367554,0.7311697006225586,1.4358903169631958
6,0.9687552452087402,0.7588955760002136,1.6924476623535156
7,0.9133179187774658,0.7860287427902222,1.773420810699463
8,0.8623803853988647,0.825825572013855,1.7371809482574463
9,0.7969410419464111,0.9038803577423096,1.7224994897842407
10,0.7232850790023804,0.9920119643211365,1.9701777696609497
11,0.6412063241004944,1.126365303993225,2.3950893878936768
12,0.5671539306640625,1.2609363794326782,2.5863475799560547
13,0.4881495535373688,1.4449456930160522,2.4599075317382812
14,0.4100069999694824,1.663968563079834,3.0223538875579834
15,0.3419496715068817,1.8846638202667236,4.31580114364624
16,0.2933610677719116,2.0723979473114014,6.4737091064453125
17,0.26065075397491455,2.157698631286621,9.23808765411377
18,0.2632603049278259,2.141719341278076,12.759284019470215
19,0.29538601636886597,1.9478859901428223,13.4969482421875
